characteristic,picture,price,title
,https://mr-bricolage.bg/medias/sys_master/products/h52/hda/8836749131806.jpg,"5,59",ВЪТРЕШНА ГУМА 20X1.5-2.125 35 ММ FISHER
"3LED, червена светлина,  3.6 лумена, 2 функции, с вкл.батерии 2xAAA и<br>стойка",https://mr-bricolage.bg/medias/sys_master/products/h05/hd6/8842000400414.jpg,"10,99",СТОП 3LED ЧЕРВЕНА ВЕЛО B02
БАГАЖНИК ВЕЛОСИПЕД. УНИВЕРСАЛЕН ЗА ВСИЧКИ ВИДОВЕ АВТОМОБИЛИ. ПОДХОДЯЩ ЗА<br>ПРЕВОЗВАНЕ НА 2/3 ВЕЛОСИПЕДА.,https://mr-bricolage.bg/medias/sys_master/products/h57/h47/8857909461022.jpg,"59,99",БАГАЖНИК ВЕЛОСИПЕД 2-3БР
"3LED, бяла светлина,  6.9 лумена, 2 функции, с вкл.батерии 2xAAA и<br>стойка",https://mr-bricolage.bg/medias/sys_master/products/h7a/h18/8842003152926.jpg,"10,99",ФАР 3LED БЯЛА ВЕЛО F02
"СГЪВАЕМ, МОНТИРА СЕ ЧРЕЗ НАПРЕЧНИ РЕЙКИ, ЗДРАВО И СИГУРНО ЗАХВАЩАНЕ,<br>ПОДХОДЯЩ ЗА ВСИЧКИ МОДЕЛИ КОМБИ, СЕДАН, ХЕЧБЕК. ЗА ПРЕВОЗВАНЕ НА 1 БРОЙ<br>ВЕЛОСИПЕД.",https://mr-bricolage.bg/medias/sys_master/products/hf6/hef/8857909231646.jpg,"44,99",БАГАЖНИК ВЕЛОСИПЕД 1БР
,https://mr-bricolage.bg/medias/sys_master/products/ha5/h59/8813551878174.jpg,"7,99",ТРОМБА
"5LED, червена светлина, 3.1 лумена, 2 функции, с вкл.батерии 2xAAA и<br>стойка",https://mr-bricolage.bg/medias/sys_master/products/h89/h64/8842001776670.jpg,"9,99",СТОП 5LED ЧЕРВЕНА ВЕЛО B03
100% полиестер,https://mr-bricolage.bg/medias/sys_master/products/h94/hd9/8809538093086.jpg,"5,29",ЖИЛЕТКА СВЕТЛООТРЖ.ОРАНЖЕВА
,https://mr-bricolage.bg/medias/sys_master/products/hed/hb0/8836738580510.jpg,"9,99",СТОЙКА ЗА ВЕЛОСИПЕД 12-20 FISHER
100% полиестер,https://mr-bricolage.bg/medias/sys_master/products/hd1/h46/8809537863710.jpg,"5,29",ЖИЛЕТКА СВЕТЛООТРЖ.ЗЕЛЕНА
,https://mr-bricolage.bg/medias/sys_master/products/h53/hb0/8836726652958.jpg,"3,49",АДАПТЕРИ ЗА ПОМПА 4 БР. FISHER
,https://mr-bricolage.bg/medias/sys_master/products/hd8/h94/8836727570462.jpg,"3,59",НАКЛАДКИ ЗА СПИРАЧКИ STANDARDFISHER
,https://mr-bricolage.bg/medias/sys_master/products/h2d/h8e/8836747296798.jpg,"9,99","СПИРАЛ. ЗАКЛЮЧ. У-ВО 80СМ, 18ММ, FISHER"
,https://mr-bricolage.bg/medias/sys_master/products/hcd/hd2/8836766826526.jpg,"5,59",ВЪТРЕШНА ГУМА 24X1.5-2.125 40 ММ FISHER
,https://mr-bricolage.bg/medias/sys_master/products/ha4/h9a/8836745920542.jpg,"8,99",СПИРАЛ. ЗАКЛ. УСТРОЙСТВО 180 СМ FISHER
,https://mr-bricolage.bg/medias/sys_master/products/h16/h8e/8836746838046.jpg,"15,99",ЗАКЛЮЧВАЩО УСТРОЙСТВО 120СМ 10ММ FISHER
,https://mr-bricolage.bg/medias/sys_master/products/h51/h18/8836737663006.jpg,"5,99",ДЪРЖАЧ ЗА ШИШЕ FISHER АЛУМИНИЕВ
,https://mr-bricolage.bg/medias/sys_master/products/hea/h09/8836735827998.jpg,"3,59",ЗВЪНЕЦ КЛАСИЧЕСКИ FISHER ХРОМИРАН
,https://mr-bricolage.bg/medias/sys_master/products/h74/h6b/8836738121758.jpg,"9,99",СТОЙКА ЗА ВЕЛОСИПЕД 20-28 FISHER АЛУМ.
,https://mr-bricolage.bg/medias/sys_master/products/h6b/hfe/8836736286750.jpg,"2,19",МИНИ ЗВЪНЕЦ ЗА КОЛЕЛО FISHER
,https://mr-bricolage.bg/medias/sys_master/products/hfb/hc8/8836737204254.jpg,"7,59",ДЕТСКО ШИШЕ ЗА ТЕЧНОСТИ 0.3Л FISHER
,https://mr-bricolage.bg/medias/sys_master/products/h1b/h36/8836736745502.jpg,"3,99","ОГЛЕДАЛО ЗА ОБРАТНО ВИЖДАНЕ,FISHER"
,https://mr-bricolage.bg/medias/sys_master/products/h2b/h35/8836735369246.jpg,"5,29",ЗВЪНЕЦ FISHER ЧЕРЕН АЛУМИНИЕВ
,https://mr-bricolage.bg/medias/sys_master/products/h94/h1f/8836734910494.jpg,"2,49",ЗВЪНЕЦ ЗА КОЛЕЛО FISHER
,https://mr-bricolage.bg/medias/sys_master/products/h8f/hf3/8836734451742.jpg,"4,99",ОБТЕГАЧ ЗА СЕДАЛКА FISHER АЛУМИНИЕВ
,https://mr-bricolage.bg/medias/sys_master/products/h27/h4d/8836743626782.jpg,"21,99",КОМПЮТЪР ЗА КОЛЕЛО TREND FISHER
,https://mr-bricolage.bg/medias/sys_master/products/h7e/hbd/8836744085534.jpg,"23,99",КОШНИЦА ЗА КОЛЕЛО 5 КГ
,https://mr-bricolage.bg/medias/sys_master/products/h10/h0e/8836743168030.jpg,"4,99",ЗВЪНЕЦ ФУТБОЛ
,https://mr-bricolage.bg/medias/sys_master/products/h98/he9/8836742709278.jpg,"6,69",ТРОМБА ХРОМИРАНА FISHER
,https://mr-bricolage.bg/medias/sys_master/products/h7b/hd2/8836728029214.jpg,"5,99",НАКЛАДКИ КЕРАМИЧНИ V-BRAKE FISHER
,https://mr-bricolage.bg/medias/sys_master/products/h9a/h28/8836729864222.jpg,"3,79",РЕФЛЕКТОР ПРЕДЕН FISHER
,https://mr-bricolage.bg/medias/sys_master/products/h17/hf6/8836729405470.jpg,"3,79",РЕФЛЕКТОРИ ЗА СПИЦИ FISHER
,https://mr-bricolage.bg/medias/sys_master/products/hb0/h40/8836749590558.jpg,"5,59",ВЪТРЕШНА ГУМА 28X1.5-2.125 35 ММ FISHER
,https://mr-bricolage.bg/medias/sys_master/products/h0e/h88/8836745003038.jpg,"43,99",КАСКА ЗА КОЛЕЛО BLUE S/M 54-58
,https://mr-bricolage.bg/medias/sys_master/products/h84/h7f/8836767285278.jpg,"5,59",ВЪТРЕШНА ГУМА 26X1.5-2.125 35 ММ FISHER
,https://mr-bricolage.bg/medias/sys_master/products/h20/h0d/8836728946718.jpg,"2,59",РЕФЛЕКТОР ЗАДЕН ЗА БАГАЖНИК FISHER
,https://mr-bricolage.bg/medias/sys_master/products/h61/h3d/8836746379294.jpg,"19,99",ЗАКЛЮЧВАЩО УСТРОЙСТВО 100СМ 23ММ FISHER
,https://mr-bricolage.bg/medias/sys_master/products/he2/h99/8836745461790.jpg,"43,99",КАСКА ЗА КОЛЕЛО BLUE L/XL 56-62
,https://mr-bricolage.bg/medias/sys_master/products/h57/hbe/8836728487966.jpg,"2,59",УНИВЕРСАЛНО ЖИЛО ЗА СКОРОСТИ FISHER
,https://mr-bricolage.bg/medias/sys_master/products/hc8/h04/8836727111710.jpg,"3,59",УНИВЕРСАЛНО ЖИЛО ЗА СПИРАЧКИ FISHER
,https://mr-bricolage.bg/medias/sys_master/products/ha9/ha8/8836747755550.jpg,"11,99",МИНИ ПОМПА С ДВОЕН ХОД
,https://mr-bricolage.bg/medias/sys_master/products/hee/h14/8863952666654.jpg,"5,99",ЗАКАЧАЛКА ЗА ВЕЛОСИПЕД
,,"4,99",СВЕТЛООТРАЗИТЕЛНА ЖИЛЕТКА
,https://mr-bricolage.bg/medias/sys_master/products/h12/ha6/8836732157982.jpg,"5,99",ЛЕПЕНКИ ЗА БЪРЗО ЗАЛЕПВАНЕ FISHER 6БР
,https://mr-bricolage.bg/medias/sys_master/products/hef/h52/8836731699230.jpg,"3,79",КЛЮЧ ЗА ЗАТЯГАНЕ НА СПИЦИ FISHER
,https://mr-bricolage.bg/medias/sys_master/products/h83/hcb/8836742250526.jpg,"27,99",ДЕТСКА СЕДАЛКА ЗА ВЕЛОСИПЕД SELLEROYAL
,https://mr-bricolage.bg/medias/sys_master/products/h0c/h00/8836741333022.jpg,"3,99",ЗАДЕН РЕФЛЕКТОР УНИВЕРСАЛЕН
,https://mr-bricolage.bg/medias/sys_master/products/h86/h1b/8836740415518.jpg,"7,49",РЪКОХВАТКИ ЗА КОЛЕЛО FISHER УНИВЕРСАЛНИ
,https://mr-bricolage.bg/medias/sys_master/products/h78/hb7/8836740874270.jpg,"15,99",КАЛНИЦИ ЗА ВЕЛОСИПЕД 24-26 FISHER К-Т
,https://mr-bricolage.bg/medias/sys_master/products/h43/h7a/8836731240478.jpg,"5,59",КЛЮЧ ОТ ЗАКАЛЕНА СТОМАНА FISHER
,https://mr-bricolage.bg/medias/sys_master/products/h17/h14/8836741791774.jpg,"4,49",ДЪРЖАЧ ЗА ПОМПИ FISHER УНИВЕРСАЛЕН
,https://mr-bricolage.bg/medias/sys_master/products/h6c/h65/8836739956766.jpg,"9,99",КОШНИЦА ЗА КОЛЕЛО KIDS FISHER
,https://mr-bricolage.bg/medias/sys_master/products/h56/h26/8836739498014.jpg,"13,99",КОШНИЦА ЗА КОЛЕЛО FISHER
,https://mr-bricolage.bg/medias/sys_master/products/h0d/h98/8836730322974.jpg,"3,59",ПОВДИГАЧИ ЗА ГУМА FISHER 3БР ПЛАСТМАСА
,https://mr-bricolage.bg/medias/sys_master/products/ha5/h86/8836730781726.jpg,"3,29",ВЕНТИЛИ КОМПЛЕКТ FISHER DUNLOP
